{
  "Timestamp": "2026-01-26T04:31:35.4956493+01:00",
  "Frame": {
    "DeltaTime": 0.0006491,
    "AverageFPS": 2397.1604,
    "MedianFPS": 2394.6592,
    "MinFPS": 2319.888,
    "MaxFPS": 2506.3296,
    "Low1PercentFPS": 2320.6924,
    "Low01PercentFPS": 2319.9797,
    "CameraPosition": {},
    "TotalChunks": 8976,
    "RenderedChunks": 222,
    "ChunkUpdates": 0
  },
  "CpuStats": {
    "World Update": {
      "AverageMs": 0.10566333333333335,
      "PeakMs": 4.300199999999999
    },
    "Begin Frame": {
      "AverageMs": 0.06946499999999999,
      "PeakMs": 7.8206999999999995
    },
    "World Render Loop": {
      "AverageMs": 0.04661500000000001,
      "PeakMs": 0.2766
    },
    "World Render": {
      "AverageMs": 0.054736666666666677,
      "PeakMs": 0.28509999999999996
    },
    "Text Render": {
      "AverageMs": 0.00011166666666666672,
      "PeakMs": 0.0005
    },
    "End Frame": {
      "AverageMs": 0.1270616666666667,
      "PeakMs": 2.5125
    },
    "Total Frame": {
      "AverageMs": 0.36207000000000006,
      "PeakMs": 11.4823
    }
  },
  "GpuTimesMs": {
    "Main Pass": 0.047104
  },
  "Vulkan": {
    "DrawCalls": 1,
    "PipelineBinds": 1,
    "DescriptorSetBinds": 1,
    "VertexBufferBinds": 1,
    "IndexBufferBinds": 1,
    "PushConstants": 1
  },
  "Memory": {
    "WorkingSetMB": 1377.37109375,
    "PrivateMemoryMB": 1885.1875,
    "ManagedMemoryMB": 502.07881927490234,
    "TotalAllocatedBytes": 6894007480,
    "Gen0Collections": 423,
    "Gen1Collections": 28,
    "Gen2Collections": 6,
    "HeapSizeMB": 501,
    "TotalCommittedMB": 521,
    "PromotionRateMB": 6.103515625E-05
  },
  "ShaderExecutions": {
    "WorldSolid": 222
  }
}